{"cameraMode":{"drawMode":0,"name":"Shaded","section":"Shading Mode"},"sceneLighting":false,"audioPlay":false,"sceneViewState":{"m_AlwaysRefresh":false,"showFog":false,"showSkybox":false,"showFlares":false,"showImageEffects":false,"showParticleSystems":false,"showVisualEffectGraphs":true,"m_FxEnabled":true},"in2DMode":false,"pivot":{"x":0.02100372314453125,"y":83.34829711914063,"z":0.6553153991699219},"rotation":{"x":-0.017987161874771119,"y":0.9811952710151672,"z":-0.11414247751235962,"w":-0.15462158620357514},"size":139.7373504638672,"orthographic":false}